,Exponent,Truth Label,Predicted Label,Confidence
0,0.125,0,0,0.450229709035222
1,0.125,0,1,0.015313935681470138
2,0.125,0,2,0.03215926493108729
3,0.125,0,3,0.013782542113323124
4,0.125,0,4,0.033690658499234305
5,0.125,0,5,0.0015313935681470138
6,0.125,0,6,0.02909647779479326
7,0.125,0,7,0.4241960183767228
8,0.125,1,0,0.021439509954058193
9,0.125,1,1,0.9739663093415007
10,0.125,1,2,0.004594180704441042
11,0.125,1,3,0.0
12,0.125,1,4,0.0
13,0.125,1,5,0.0
14,0.125,1,6,0.0
15,0.125,1,7,0.0
16,0.125,2,0,0.0
17,0.125,2,1,0.018376722817764167
18,0.125,2,2,0.9785604900459418
19,0.125,2,3,0.0030627871362940277
20,0.125,2,4,0.0
21,0.125,2,5,0.0
22,0.125,2,6,0.0
23,0.125,2,7,0.0
24,0.125,3,0,0.006125574272588055
25,0.125,3,1,0.0015313935681470138
26,0.125,3,2,0.0015313935681470138
27,0.125,3,3,0.9862174578866769
28,0.125,3,4,0.0
29,0.125,3,5,0.0015313935681470138
30,0.125,3,6,0.0030627871362940277
31,0.125,3,7,0.0
32,0.125,4,0,
33,0.125,4,1,
34,0.125,4,2,
35,0.125,4,3,
36,0.125,4,4,
37,0.125,4,5,
38,0.125,4,6,
39,0.125,4,7,
40,0.125,5,0,
41,0.125,5,1,
42,0.125,5,2,
43,0.125,5,3,
44,0.125,5,4,
45,0.125,5,5,
46,0.125,5,6,
47,0.125,5,7,
48,0.125,6,0,
49,0.125,6,1,
50,0.125,6,2,
51,0.125,6,3,
52,0.125,6,4,
53,0.125,6,5,
54,0.125,6,6,
55,0.125,6,7,
56,0.125,7,0,
57,0.125,7,1,
58,0.125,7,2,
59,0.125,7,3,
60,0.125,7,4,
61,0.125,7,5,
62,0.125,7,6,
63,0.125,7,7,
64,0.175,0,0,0.5463414634146342
65,0.175,0,1,0.026016260162601626
66,0.175,0,2,0.024390243902439025
67,0.175,0,3,0.013008130081300813
68,0.175,0,4,0.01951219512195122
69,0.175,0,5,0.0016260162601626016
70,0.175,0,6,0.027642276422764227
71,0.175,0,7,0.34146341463414637
72,0.175,1,0,0.024390243902439025
73,0.175,1,1,0.9707317073170731
74,0.175,1,2,0.0032520325203252032
75,0.175,1,3,0.0016260162601626016
76,0.175,1,4,0.0
77,0.175,1,5,0.0
78,0.175,1,6,0.0
79,0.175,1,7,0.0
80,0.175,2,0,0.0
81,0.175,2,1,0.004878048780487805
82,0.175,2,2,0.9934959349593496
83,0.175,2,3,0.0
84,0.175,2,4,0.0
85,0.175,2,5,0.0
86,0.175,2,6,0.0016260162601626016
87,0.175,2,7,0.0
88,0.175,3,0,0.011382113821138212
89,0.175,3,1,0.0032520325203252032
90,0.175,3,2,0.0016260162601626016
91,0.175,3,3,0.975609756097561
92,0.175,3,4,0.0016260162601626016
93,0.175,3,5,0.0
94,0.175,3,6,0.0032520325203252032
95,0.175,3,7,0.0032520325203252032
96,0.175,4,0,
97,0.175,4,1,
98,0.175,4,2,
99,0.175,4,3,
100,0.175,4,4,
101,0.175,4,5,
102,0.175,4,6,
103,0.175,4,7,
104,0.175,5,0,
105,0.175,5,1,
106,0.175,5,2,
107,0.175,5,3,
108,0.175,5,4,
109,0.175,5,5,
110,0.175,5,6,
111,0.175,5,7,
112,0.175,6,0,
113,0.175,6,1,
114,0.175,6,2,
115,0.175,6,3,
116,0.175,6,4,
117,0.175,6,5,
118,0.175,6,6,
119,0.175,6,7,
120,0.175,7,0,
121,0.175,7,1,
122,0.175,7,2,
123,0.175,7,3,
124,0.175,7,4,
125,0.175,7,5,
126,0.175,7,6,
127,0.175,7,7,
128,0.225,0,0,0.6414141414141414
129,0.225,0,1,0.037037037037037035
130,0.225,0,2,0.013468013468013467
131,0.225,0,3,0.013468013468013467
132,0.225,0,4,0.011784511784511785
133,0.225,0,5,0.003367003367003367
134,0.225,0,6,0.03198653198653199
135,0.225,0,7,0.2474747474747475
136,0.225,1,0,0.030303030303030304
137,0.225,1,1,0.968013468013468
138,0.225,1,2,0.0016835016835016834
139,0.225,1,3,0.0
140,0.225,1,4,0.0
141,0.225,1,5,0.0
142,0.225,1,6,0.0
143,0.225,1,7,0.0
144,0.225,2,0,0.0
145,0.225,2,1,0.005050505050505051
146,0.225,2,2,0.9932659932659933
147,0.225,2,3,0.0016835016835016834
148,0.225,2,4,0.0
149,0.225,2,5,0.0
150,0.225,2,6,0.0
151,0.225,2,7,0.0
152,0.225,3,0,0.005050505050505051
153,0.225,3,1,0.0
154,0.225,3,2,0.0016835016835016834
155,0.225,3,3,0.9865319865319865
156,0.225,3,4,0.0
157,0.225,3,5,0.0016835016835016834
158,0.225,3,6,0.0
159,0.225,3,7,0.005050505050505051
160,0.225,4,0,
161,0.225,4,1,
162,0.225,4,2,
163,0.225,4,3,
164,0.225,4,4,
165,0.225,4,5,
166,0.225,4,6,
167,0.225,4,7,
168,0.225,5,0,
169,0.225,5,1,
170,0.225,5,2,
171,0.225,5,3,
172,0.225,5,4,
173,0.225,5,5,
174,0.225,5,6,
175,0.225,5,7,
176,0.225,6,0,
177,0.225,6,1,
178,0.225,6,2,
179,0.225,6,3,
180,0.225,6,4,
181,0.225,6,5,
182,0.225,6,6,
183,0.225,6,7,
184,0.225,7,0,
185,0.225,7,1,
186,0.225,7,2,
187,0.225,7,3,
188,0.225,7,4,
189,0.225,7,5,
190,0.225,7,6,
191,0.225,7,7,
192,0.275,0,0,0.687170474516696
193,0.275,0,1,0.050966608084358524
194,0.275,0,2,0.01054481546572935
195,0.275,0,3,0.0210896309314587
196,0.275,0,4,0.012302284710017574
197,0.275,0,5,0.0
198,0.275,0,6,0.02460456942003515
199,0.275,0,7,0.19332161687170474
200,0.275,1,0,0.029876977152899824
201,0.275,1,1,0.9666080843585237
202,0.275,1,2,0.0017574692442882249
203,0.275,1,3,0.0017574692442882249
204,0.275,1,4,0.0
205,0.275,1,5,0.0
206,0.275,1,6,0.0
207,0.275,1,7,0.0
208,0.275,2,0,0.0
209,0.275,2,1,0.0017574692442882249
210,0.275,2,2,0.9894551845342706
211,0.275,2,3,0.0035149384885764497
212,0.275,2,4,0.0
213,0.275,2,5,0.0
214,0.275,2,6,0.0035149384885764497
215,0.275,2,7,0.0017574692442882249
216,0.275,3,0,0.008787346221441126
217,0.275,3,1,0.0017574692442882249
218,0.275,3,2,0.0017574692442882249
219,0.275,3,3,0.9736379613356766
220,0.275,3,4,0.0035149384885764497
221,0.275,3,5,0.0017574692442882249
222,0.275,3,6,0.0035149384885764497
223,0.275,3,7,0.005272407732864675
224,0.275,4,0,
225,0.275,4,1,
226,0.275,4,2,
227,0.275,4,3,
228,0.275,4,4,
229,0.275,4,5,
230,0.275,4,6,
231,0.275,4,7,
232,0.275,5,0,
233,0.275,5,1,
234,0.275,5,2,
235,0.275,5,3,
236,0.275,5,4,
237,0.275,5,5,
238,0.275,5,6,
239,0.275,5,7,
240,0.275,6,0,
241,0.275,6,1,
242,0.275,6,2,
243,0.275,6,3,
244,0.275,6,4,
245,0.275,6,5,
246,0.275,6,6,
247,0.275,6,7,
248,0.275,7,0,
249,0.275,7,1,
250,0.275,7,2,
251,0.275,7,3,
252,0.275,7,4,
253,0.275,7,5,
254,0.275,7,6,
255,0.275,7,7,
256,0.32499999999999996,0,0,0.7397660818713451
257,0.32499999999999996,0,1,0.07017543859649122
258,0.32499999999999996,0,2,0.013157894736842105
259,0.32499999999999996,0,3,0.017543859649122806
260,0.32499999999999996,0,4,0.007309941520467836
261,0.32499999999999996,0,5,0.0
262,0.32499999999999996,0,6,0.017543859649122806
263,0.32499999999999996,0,7,0.13450292397660818
264,0.32499999999999996,1,0,0.039473684210526314
265,0.32499999999999996,1,1,0.9576023391812866
266,0.32499999999999996,1,2,0.0029239766081871343
267,0.32499999999999996,1,3,0.0
268,0.32499999999999996,1,4,0.0
269,0.32499999999999996,1,5,0.0
270,0.32499999999999996,1,6,0.0
271,0.32499999999999996,1,7,0.0
272,0.32499999999999996,2,0,0.0
273,0.32499999999999996,2,1,0.0
274,0.32499999999999996,2,2,0.9883040935672515
275,0.32499999999999996,2,3,0.005847953216374269
276,0.32499999999999996,2,4,0.0
277,0.32499999999999996,2,5,0.0
278,0.32499999999999996,2,6,0.0029239766081871343
279,0.32499999999999996,2,7,0.0029239766081871343
280,0.32499999999999996,3,0,0.007309941520467836
281,0.32499999999999996,3,1,0.0014619883040935672
282,0.32499999999999996,3,2,0.0043859649122807015
283,0.32499999999999996,3,3,0.9809941520467836
284,0.32499999999999996,3,4,0.0
285,0.32499999999999996,3,5,0.0
286,0.32499999999999996,3,6,0.0
287,0.32499999999999996,3,7,0.005847953216374269
288,0.32499999999999996,4,0,
289,0.32499999999999996,4,1,
290,0.32499999999999996,4,2,
291,0.32499999999999996,4,3,
292,0.32499999999999996,4,4,
293,0.32499999999999996,4,5,
294,0.32499999999999996,4,6,
295,0.32499999999999996,4,7,
296,0.32499999999999996,5,0,
297,0.32499999999999996,5,1,
298,0.32499999999999996,5,2,
299,0.32499999999999996,5,3,
300,0.32499999999999996,5,4,
301,0.32499999999999996,5,5,
302,0.32499999999999996,5,6,
303,0.32499999999999996,5,7,
304,0.32499999999999996,6,0,
305,0.32499999999999996,6,1,
306,0.32499999999999996,6,2,
307,0.32499999999999996,6,3,
308,0.32499999999999996,6,4,
309,0.32499999999999996,6,5,
310,0.32499999999999996,6,6,
311,0.32499999999999996,6,7,
312,0.32499999999999996,7,0,
313,0.32499999999999996,7,1,
314,0.32499999999999996,7,2,
315,0.32499999999999996,7,3,
316,0.32499999999999996,7,4,
317,0.32499999999999996,7,5,
318,0.32499999999999996,7,6,
319,0.32499999999999996,7,7,
320,0.375,0,0,0.7669421487603306
321,0.375,0,1,0.07603305785123966
322,0.375,0,2,0.003305785123966942
323,0.375,0,3,0.023140495867768594
324,0.375,0,4,0.006611570247933884
325,0.375,0,5,0.001652892561983471
326,0.375,0,6,0.006611570247933884
327,0.375,0,7,0.11570247933884298
328,0.375,1,0,0.04628099173553719
329,0.375,1,1,0.9487603305785124
330,0.375,1,2,0.0049586776859504135
331,0.375,1,3,0.0
332,0.375,1,4,0.0
333,0.375,1,5,0.0
334,0.375,1,6,0.0
335,0.375,1,7,0.0
336,0.375,2,0,0.0
337,0.375,2,1,0.001652892561983471
338,0.375,2,2,0.9950413223140496
339,0.375,2,3,0.001652892561983471
340,0.375,2,4,0.0
341,0.375,2,5,0.0
342,0.375,2,6,0.0
343,0.375,2,7,0.001652892561983471
344,0.375,3,0,0.003305785123966942
345,0.375,3,1,0.0
346,0.375,3,2,0.0
347,0.375,3,3,0.9834710743801653
348,0.375,3,4,0.003305785123966942
349,0.375,3,5,0.001652892561983471
350,0.375,3,6,0.0
351,0.375,3,7,0.008264462809917356
352,0.375,4,0,
353,0.375,4,1,
354,0.375,4,2,
355,0.375,4,3,
356,0.375,4,4,
357,0.375,4,5,
358,0.375,4,6,
359,0.375,4,7,
360,0.375,5,0,
361,0.375,5,1,
362,0.375,5,2,
363,0.375,5,3,
364,0.375,5,4,
365,0.375,5,5,
366,0.375,5,6,
367,0.375,5,7,
368,0.375,6,0,
369,0.375,6,1,
370,0.375,6,2,
371,0.375,6,3,
372,0.375,6,4,
373,0.375,6,5,
374,0.375,6,6,
375,0.375,6,7,
376,0.375,7,0,
377,0.375,7,1,
378,0.375,7,2,
379,0.375,7,3,
380,0.375,7,4,
381,0.375,7,5,
382,0.375,7,6,
383,0.375,7,7,
384,0.42500000000000004,0,0,0.8170542635658915
385,0.42500000000000004,0,1,0.06976744186046512
386,0.42500000000000004,0,2,0.0031007751937984496
387,0.42500000000000004,0,3,0.017054263565891473
388,0.42500000000000004,0,4,0.012403100775193798
389,0.42500000000000004,0,5,0.0015503875968992248
390,0.42500000000000004,0,6,0.012403100775193798
391,0.42500000000000004,0,7,0.06666666666666667
392,0.42500000000000004,1,0,0.04806201550387597
393,0.42500000000000004,1,1,0.9441860465116279
394,0.42500000000000004,1,2,0.007751937984496124
395,0.42500000000000004,1,3,0.0
396,0.42500000000000004,1,4,0.0
397,0.42500000000000004,1,5,0.0
398,0.42500000000000004,1,6,0.0
399,0.42500000000000004,1,7,0.0
400,0.42500000000000004,2,0,0.0015503875968992248
401,0.42500000000000004,2,1,0.0015503875968992248
402,0.42500000000000004,2,2,0.9844961240310077
403,0.42500000000000004,2,3,0.0015503875968992248
404,0.42500000000000004,2,4,0.0
405,0.42500000000000004,2,5,0.0
406,0.42500000000000004,2,6,0.007751937984496124
407,0.42500000000000004,2,7,0.0031007751937984496
408,0.42500000000000004,3,0,0.004651162790697674
409,0.42500000000000004,3,1,0.0
410,0.42500000000000004,3,2,0.007751937984496124
411,0.42500000000000004,3,3,0.9798449612403101
412,0.42500000000000004,3,4,0.0015503875968992248
413,0.42500000000000004,3,5,0.0
414,0.42500000000000004,3,6,0.0
415,0.42500000000000004,3,7,0.006201550387596899
416,0.42500000000000004,4,0,
417,0.42500000000000004,4,1,
418,0.42500000000000004,4,2,
419,0.42500000000000004,4,3,
420,0.42500000000000004,4,4,
421,0.42500000000000004,4,5,
422,0.42500000000000004,4,6,
423,0.42500000000000004,4,7,
424,0.42500000000000004,5,0,
425,0.42500000000000004,5,1,
426,0.42500000000000004,5,2,
427,0.42500000000000004,5,3,
428,0.42500000000000004,5,4,
429,0.42500000000000004,5,5,
430,0.42500000000000004,5,6,
431,0.42500000000000004,5,7,
432,0.42500000000000004,6,0,
433,0.42500000000000004,6,1,
434,0.42500000000000004,6,2,
435,0.42500000000000004,6,3,
436,0.42500000000000004,6,4,
437,0.42500000000000004,6,5,
438,0.42500000000000004,6,6,
439,0.42500000000000004,6,7,
440,0.42500000000000004,7,0,
441,0.42500000000000004,7,1,
442,0.42500000000000004,7,2,
443,0.42500000000000004,7,3,
444,0.42500000000000004,7,4,
445,0.42500000000000004,7,5,
446,0.42500000000000004,7,6,
447,0.42500000000000004,7,7,
448,0.475,0,0,0.8281505728314239
449,0.475,0,1,0.06710310965630115
450,0.475,0,2,0.006546644844517185
451,0.475,0,3,0.01309328968903437
452,0.475,0,4,0.004909983633387889
453,0.475,0,5,0.0
454,0.475,0,6,0.016366612111292964
455,0.475,0,7,0.06382978723404255
456,0.475,1,0,0.062193126022913256
457,0.475,1,1,0.9279869067103109
458,0.475,1,2,0.0032733224222585926
459,0.475,1,3,0.004909983633387889
460,0.475,1,4,0.0
461,0.475,1,5,0.0
462,0.475,1,6,0.0016366612111292963
463,0.475,1,7,0.0
464,0.475,2,0,0.0
465,0.475,2,1,0.0016366612111292963
466,0.475,2,2,0.983633387888707
467,0.475,2,3,0.004909983633387889
468,0.475,2,4,0.0
469,0.475,2,5,0.0
470,0.475,2,6,0.004909983633387889
471,0.475,2,7,0.004909983633387889
472,0.475,3,0,0.016366612111292964
473,0.475,3,1,0.0
474,0.475,3,2,0.004909983633387889
475,0.475,3,3,0.9574468085106383
476,0.475,3,4,0.004909983633387889
477,0.475,3,5,0.004909983633387889
478,0.475,3,6,0.0016366612111292963
479,0.475,3,7,0.009819967266775777
480,0.475,4,0,
481,0.475,4,1,
482,0.475,4,2,
483,0.475,4,3,
484,0.475,4,4,
485,0.475,4,5,
486,0.475,4,6,
487,0.475,4,7,
488,0.475,5,0,
489,0.475,5,1,
490,0.475,5,2,
491,0.475,5,3,
492,0.475,5,4,
493,0.475,5,5,
494,0.475,5,6,
495,0.475,5,7,
496,0.475,6,0,
497,0.475,6,1,
498,0.475,6,2,
499,0.475,6,3,
500,0.475,6,4,
501,0.475,6,5,
502,0.475,6,6,
503,0.475,6,7,
504,0.475,7,0,
505,0.475,7,1,
506,0.475,7,2,
507,0.475,7,3,
508,0.475,7,4,
509,0.475,7,5,
510,0.475,7,6,
511,0.475,7,7,
512,0.525,0,0,0.8256735340729001
513,0.525,0,1,0.06656101426307448
514,0.525,0,2,0.012678288431061807
515,0.525,0,3,0.03169572107765452
516,0.525,0,4,0.009508716323296355
517,0.525,0,5,0.0
518,0.525,0,6,0.006339144215530904
519,0.525,0,7,0.04754358161648178
520,0.525,1,0,0.04595879556259905
521,0.525,1,1,0.9477020602218701
522,0.525,1,2,0.001584786053882726
523,0.525,1,3,0.003169572107765452
524,0.525,1,4,0.0
525,0.525,1,5,0.0
526,0.525,1,6,0.001584786053882726
527,0.525,1,7,0.0
528,0.525,2,0,0.006339144215530904
529,0.525,2,1,0.004754358161648178
530,0.525,2,2,0.9572107765451664
531,0.525,2,3,0.014263074484944533
532,0.525,2,4,0.0
533,0.525,2,5,0.0
534,0.525,2,6,0.006339144215530904
535,0.525,2,7,0.011093502377179081
536,0.525,3,0,0.006339144215530904
537,0.525,3,1,0.001584786053882726
538,0.525,3,2,0.012678288431061807
539,0.525,3,3,0.9635499207606973
540,0.525,3,4,0.0
541,0.525,3,5,0.001584786053882726
542,0.525,3,6,0.003169572107765452
543,0.525,3,7,0.011093502377179081
544,0.525,4,0,
545,0.525,4,1,
546,0.525,4,2,
547,0.525,4,3,
548,0.525,4,4,
549,0.525,4,5,
550,0.525,4,6,
551,0.525,4,7,
552,0.525,5,0,
553,0.525,5,1,
554,0.525,5,2,
555,0.525,5,3,
556,0.525,5,4,
557,0.525,5,5,
558,0.525,5,6,
559,0.525,5,7,
560,0.525,6,0,
561,0.525,6,1,
562,0.525,6,2,
563,0.525,6,3,
564,0.525,6,4,
565,0.525,6,5,
566,0.525,6,6,
567,0.525,6,7,
568,0.525,7,0,
569,0.525,7,1,
570,0.525,7,2,
571,0.525,7,3,
572,0.525,7,4,
573,0.525,7,5,
574,0.525,7,6,
575,0.525,7,7,
576,0.575,0,0,0.8313856427378965
577,0.575,0,1,0.07345575959933222
578,0.575,0,2,0.01335559265442404
579,0.575,0,3,0.02337228714524207
580,0.575,0,4,0.001669449081803005
581,0.575,0,5,0.001669449081803005
582,0.575,0,6,0.02003338898163606
583,0.575,0,7,0.035058430717863104
584,0.575,1,0,0.05008347245409015
585,0.575,1,1,0.9382303839732888
586,0.575,1,2,0.00333889816360601
587,0.575,1,3,0.00333889816360601
588,0.575,1,4,0.0
589,0.575,1,5,0.0
590,0.575,1,6,0.00333889816360601
591,0.575,1,7,0.001669449081803005
592,0.575,2,0,0.0
593,0.575,2,1,0.00667779632721202
594,0.575,2,2,0.9549248747913188
595,0.575,2,3,0.015025041736227046
596,0.575,2,4,0.0
597,0.575,2,5,0.0
598,0.575,2,6,0.011686143572621035
599,0.575,2,7,0.011686143572621035
600,0.575,3,0,0.011686143572621035
601,0.575,3,1,0.001669449081803005
602,0.575,3,2,0.008347245409015025
603,0.575,3,3,0.9465776293823038
604,0.575,3,4,0.005008347245409015
605,0.575,3,5,0.001669449081803005
606,0.575,3,6,0.008347245409015025
607,0.575,3,7,0.01669449081803005
608,0.575,4,0,
609,0.575,4,1,
610,0.575,4,2,
611,0.575,4,3,
612,0.575,4,4,
613,0.575,4,5,
614,0.575,4,6,
615,0.575,4,7,
616,0.575,5,0,
617,0.575,5,1,
618,0.575,5,2,
619,0.575,5,3,
620,0.575,5,4,
621,0.575,5,5,
622,0.575,5,6,
623,0.575,5,7,
624,0.575,6,0,
625,0.575,6,1,
626,0.575,6,2,
627,0.575,6,3,
628,0.575,6,4,
629,0.575,6,5,
630,0.575,6,6,
631,0.575,6,7,
632,0.575,7,0,
633,0.575,7,1,
634,0.575,7,2,
635,0.575,7,3,
636,0.575,7,4,
637,0.575,7,5,
638,0.575,7,6,
639,0.575,7,7,
640,0.625,0,0,0.8577844311377245
641,0.625,0,1,0.04790419161676647
642,0.625,0,2,0.0074850299401197605
643,0.625,0,3,0.0344311377245509
644,0.625,0,4,0.005988023952095809
645,0.625,0,5,0.0014970059880239522
646,0.625,0,6,0.005988023952095809
647,0.625,0,7,0.038922155688622756
648,0.625,1,0,0.03293413173652695
649,0.625,1,1,0.9640718562874252
650,0.625,1,2,0.0
651,0.625,1,3,0.0014970059880239522
652,0.625,1,4,0.0
653,0.625,1,5,0.0
654,0.625,1,6,0.0014970059880239522
655,0.625,1,7,0.0
656,0.625,2,0,0.004491017964071856
657,0.625,2,1,0.0
658,0.625,2,2,0.9131736526946108
659,0.625,2,3,0.005988023952095809
660,0.625,2,4,0.0
661,0.625,2,5,0.0
662,0.625,2,6,0.02694610778443114
663,0.625,2,7,0.04940119760479042
664,0.625,3,0,0.008982035928143712
665,0.625,3,1,0.0029940119760479044
666,0.625,3,2,0.0074850299401197605
667,0.625,3,3,0.9281437125748503
668,0.625,3,4,0.0074850299401197605
669,0.625,3,5,0.0
670,0.625,3,6,0.0074850299401197605
671,0.625,3,7,0.0374251497005988
672,0.625,4,0,
673,0.625,4,1,
674,0.625,4,2,
675,0.625,4,3,
676,0.625,4,4,
677,0.625,4,5,
678,0.625,4,6,
679,0.625,4,7,
680,0.625,5,0,
681,0.625,5,1,
682,0.625,5,2,
683,0.625,5,3,
684,0.625,5,4,
685,0.625,5,5,
686,0.625,5,6,
687,0.625,5,7,
688,0.625,6,0,
689,0.625,6,1,
690,0.625,6,2,
691,0.625,6,3,
692,0.625,6,4,
693,0.625,6,5,
694,0.625,6,6,
695,0.625,6,7,
696,0.625,7,0,
697,0.625,7,1,
698,0.625,7,2,
699,0.625,7,3,
700,0.625,7,4,
701,0.625,7,5,
702,0.625,7,6,
703,0.625,7,7,
704,0.675,0,0,0.8260211800302572
705,0.675,0,1,0.048411497730711045
706,0.675,0,2,0.007564296520423601
707,0.675,0,3,0.04387291981845688
708,0.675,0,4,0.0045385779122541605
709,0.675,0,5,0.0
710,0.675,0,6,0.006051437216338881
711,0.675,0,7,0.06354009077155824
712,0.675,1,0,0.02723146747352496
713,0.675,1,1,0.9682299546142209
714,0.675,1,2,0.0
715,0.675,1,3,0.0015128593040847202
716,0.675,1,4,0.0
717,0.675,1,5,0.0
718,0.675,1,6,0.0
719,0.675,1,7,0.0030257186081694403
720,0.675,2,0,0.0030257186081694403
721,0.675,2,1,0.0
722,0.675,2,2,0.9092284417549168
723,0.675,2,3,0.01059001512859304
724,0.675,2,4,0.0
725,0.675,2,5,0.0015128593040847202
726,0.675,2,6,0.0226928895612708
727,0.675,2,7,0.0529500756429652
728,0.675,3,0,0.024205748865355523
729,0.675,3,1,0.0
730,0.675,3,2,0.009077155824508321
731,0.675,3,3,0.897125567322239
732,0.675,3,4,0.0030257186081694403
733,0.675,3,5,0.0045385779122541605
734,0.675,3,6,0.0030257186081694403
735,0.675,3,7,0.059001512859304085
736,0.675,4,0,
737,0.675,4,1,
738,0.675,4,2,
739,0.675,4,3,
740,0.675,4,4,
741,0.675,4,5,
742,0.675,4,6,
743,0.675,4,7,
744,0.675,5,0,
745,0.675,5,1,
746,0.675,5,2,
747,0.675,5,3,
748,0.675,5,4,
749,0.675,5,5,
750,0.675,5,6,
751,0.675,5,7,
752,0.675,6,0,
753,0.675,6,1,
754,0.675,6,2,
755,0.675,6,3,
756,0.675,6,4,
757,0.675,6,5,
758,0.675,6,6,
759,0.675,6,7,
760,0.675,7,0,
761,0.675,7,1,
762,0.675,7,2,
763,0.675,7,3,
764,0.675,7,4,
765,0.675,7,5,
766,0.675,7,6,
767,0.675,7,7,
768,0.725,0,0,0.8117647058823529
769,0.725,0,1,0.04201680672268908
770,0.725,0,2,0.008403361344537815
771,0.725,0,3,0.047058823529411764
772,0.725,0,4,0.0067226890756302525
773,0.725,0,5,0.0016806722689075631
774,0.725,0,6,0.013445378151260505
775,0.725,0,7,0.06890756302521009
776,0.725,1,0,0.021848739495798318
777,0.725,1,1,0.9697478991596639
778,0.725,1,2,0.0016806722689075631
779,0.725,1,3,0.0033613445378151263
780,0.725,1,4,0.0016806722689075631
781,0.725,1,5,0.0
782,0.725,1,6,0.0
783,0.725,1,7,0.0016806722689075631
784,0.725,2,0,0.0016806722689075631
785,0.725,2,1,0.0016806722689075631
786,0.725,2,2,0.826890756302521
787,0.725,2,3,0.03361344537815126
788,0.725,2,4,0.0016806722689075631
789,0.725,2,5,0.0016806722689075631
790,0.725,2,6,0.02689075630252101
791,0.725,2,7,0.10588235294117647
792,0.725,3,0,0.013445378151260505
793,0.725,3,1,0.0016806722689075631
794,0.725,3,2,0.015126050420168067
795,0.725,3,3,0.8252100840336134
796,0.725,3,4,0.018487394957983194
797,0.725,3,5,0.0016806722689075631
798,0.725,3,6,0.0033613445378151263
799,0.725,3,7,0.12100840336134454
800,0.725,4,0,
801,0.725,4,1,
802,0.725,4,2,
803,0.725,4,3,
804,0.725,4,4,
805,0.725,4,5,
806,0.725,4,6,
807,0.725,4,7,
808,0.725,5,0,
809,0.725,5,1,
810,0.725,5,2,
811,0.725,5,3,
812,0.725,5,4,
813,0.725,5,5,
814,0.725,5,6,
815,0.725,5,7,
816,0.725,6,0,
817,0.725,6,1,
818,0.725,6,2,
819,0.725,6,3,
820,0.725,6,4,
821,0.725,6,5,
822,0.725,6,6,
823,0.725,6,7,
824,0.725,7,0,
825,0.725,7,1,
826,0.725,7,2,
827,0.725,7,3,
828,0.725,7,4,
829,0.725,7,5,
830,0.725,7,6,
831,0.725,7,7,
832,0.775,0,0,0.7697160883280757
833,0.775,0,1,0.04574132492113565
834,0.775,0,2,0.00946372239747634
835,0.775,0,3,0.06466876971608833
836,0.775,0,4,0.007886435331230283
837,0.775,0,5,0.0
838,0.775,0,6,0.012618296529968454
839,0.775,0,7,0.08990536277602523
840,0.775,1,0,0.02996845425867508
841,0.775,1,1,0.9621451104100947
842,0.775,1,2,0.0
843,0.775,1,3,0.0031545741324921135
844,0.775,1,4,0.0
845,0.775,1,5,0.0
846,0.775,1,6,0.0031545741324921135
847,0.775,1,7,0.0015772870662460567
848,0.775,2,0,0.0015772870662460567
849,0.775,2,1,0.0
850,0.775,2,2,0.8123028391167192
851,0.775,2,3,0.00946372239747634
852,0.775,2,4,0.0015772870662460567
853,0.775,2,5,0.0031545741324921135
854,0.775,2,6,0.026813880126182965
855,0.775,2,7,0.14511041009463724
856,0.775,3,0,0.017350157728706624
857,0.775,3,1,0.0
858,0.775,3,2,0.011041009463722398
859,0.775,3,3,0.7697160883280757
860,0.775,3,4,0.02365930599369085
861,0.775,3,5,0.0031545741324921135
862,0.775,3,6,0.006309148264984227
863,0.775,3,7,0.16876971608832808
864,0.775,4,0,
865,0.775,4,1,
866,0.775,4,2,
867,0.775,4,3,
868,0.775,4,4,
869,0.775,4,5,
870,0.775,4,6,
871,0.775,4,7,
872,0.775,5,0,
873,0.775,5,1,
874,0.775,5,2,
875,0.775,5,3,
876,0.775,5,4,
877,0.775,5,5,
878,0.775,5,6,
879,0.775,5,7,
880,0.775,6,0,
881,0.775,6,1,
882,0.775,6,2,
883,0.775,6,3,
884,0.775,6,4,
885,0.775,6,5,
886,0.775,6,6,
887,0.775,6,7,
888,0.775,7,0,
889,0.775,7,1,
890,0.775,7,2,
891,0.775,7,3,
892,0.775,7,4,
893,0.775,7,5,
894,0.775,7,6,
895,0.775,7,7,
896,0.825,0,0,0.7848101265822784
897,0.825,0,1,0.04430379746835443
898,0.825,0,2,0.012658227848101266
899,0.825,0,3,0.04113924050632911
900,0.825,0,4,0.00949367088607595
901,0.825,0,5,0.0015822784810126582
902,0.825,0,6,0.02531645569620253
903,0.825,0,7,0.08069620253164557
904,0.825,1,0,0.030063291139240507
905,0.825,1,1,0.9620253164556962
906,0.825,1,2,0.0
907,0.825,1,3,0.0
908,0.825,1,4,0.0015822784810126582
909,0.825,1,5,0.0
910,0.825,1,6,0.0
911,0.825,1,7,0.006329113924050633
912,0.825,2,0,0.007911392405063292
913,0.825,2,1,0.0
914,0.825,2,2,0.7215189873417721
915,0.825,2,3,0.0189873417721519
916,0.825,2,4,0.006329113924050633
917,0.825,2,5,0.0015822784810126582
918,0.825,2,6,0.04113924050632911
919,0.825,2,7,0.20253164556962025
920,0.825,3,0,0.014240506329113924
921,0.825,3,1,0.0015822784810126582
922,0.825,3,2,0.01740506329113924
923,0.825,3,3,0.6708860759493671
924,0.825,3,4,0.028481012658227847
925,0.825,3,5,0.0031645569620253164
926,0.825,3,6,0.006329113924050633
927,0.825,3,7,0.2579113924050633
928,0.825,4,0,
929,0.825,4,1,
930,0.825,4,2,
931,0.825,4,3,
932,0.825,4,4,
933,0.825,4,5,
934,0.825,4,6,
935,0.825,4,7,
936,0.825,5,0,
937,0.825,5,1,
938,0.825,5,2,
939,0.825,5,3,
940,0.825,5,4,
941,0.825,5,5,
942,0.825,5,6,
943,0.825,5,7,
944,0.825,6,0,
945,0.825,6,1,
946,0.825,6,2,
947,0.825,6,3,
948,0.825,6,4,
949,0.825,6,5,
950,0.825,6,6,
951,0.825,6,7,
952,0.825,7,0,
953,0.825,7,1,
954,0.825,7,2,
955,0.825,7,3,
956,0.825,7,4,
957,0.825,7,5,
958,0.825,7,6,
959,0.825,7,7,
960,0.875,0,0,0.7963576158940397
961,0.875,0,1,0.059602649006622516
962,0.875,0,2,0.008278145695364239
963,0.875,0,3,0.03642384105960265
964,0.875,0,4,0.008278145695364239
965,0.875,0,5,0.0
966,0.875,0,6,0.016556291390728478
967,0.875,0,7,0.07450331125827815
968,0.875,1,0,0.02152317880794702
969,0.875,1,1,0.9586092715231788
970,0.875,1,2,0.0016556291390728477
971,0.875,1,3,0.009933774834437087
972,0.875,1,4,0.0
973,0.875,1,5,0.0
974,0.875,1,6,0.006622516556291391
975,0.875,1,7,0.0016556291390728477
976,0.875,2,0,0.006622516556291391
977,0.875,2,1,0.0016556291390728477
978,0.875,2,2,0.46192052980132453
979,0.875,2,3,0.028145695364238412
980,0.875,2,4,0.004966887417218543
981,0.875,2,5,0.0033112582781456954
982,0.875,2,6,0.039735099337748346
983,0.875,2,7,0.45364238410596025
984,0.875,3,0,0.011589403973509934
985,0.875,3,1,0.0033112582781456954
986,0.875,3,2,0.05132450331125828
987,0.875,3,3,0.4105960264900662
988,0.875,3,4,0.029801324503311258
989,0.875,3,5,0.0016556291390728477
990,0.875,3,6,0.009933774834437087
991,0.875,3,7,0.4817880794701987
992,0.875,4,0,
993,0.875,4,1,
994,0.875,4,2,
995,0.875,4,3,
996,0.875,4,4,
997,0.875,4,5,
998,0.875,4,6,
999,0.875,4,7,
1000,0.875,5,0,
1001,0.875,5,1,
1002,0.875,5,2,
1003,0.875,5,3,
1004,0.875,5,4,
1005,0.875,5,5,
1006,0.875,5,6,
1007,0.875,5,7,
1008,0.875,6,0,
1009,0.875,6,1,
1010,0.875,6,2,
1011,0.875,6,3,
1012,0.875,6,4,
1013,0.875,6,5,
1014,0.875,6,6,
1015,0.875,6,7,
1016,0.875,7,0,
1017,0.875,7,1,
1018,0.875,7,2,
1019,0.875,7,3,
1020,0.875,7,4,
1021,0.875,7,5,
1022,0.875,7,6,
1023,0.875,7,7,
1024,0.925,0,0,
1025,0.925,0,1,
1026,0.925,0,2,
1027,0.925,0,3,
1028,0.925,0,4,
1029,0.925,0,5,
1030,0.925,0,6,
1031,0.925,0,7,
1032,0.925,1,0,
1033,0.925,1,1,
1034,0.925,1,2,
1035,0.925,1,3,
1036,0.925,1,4,
1037,0.925,1,5,
1038,0.925,1,6,
1039,0.925,1,7,
1040,0.925,2,0,
1041,0.925,2,1,
1042,0.925,2,2,
1043,0.925,2,3,
1044,0.925,2,4,
1045,0.925,2,5,
1046,0.925,2,6,
1047,0.925,2,7,
1048,0.925,3,0,
1049,0.925,3,1,
1050,0.925,3,2,
1051,0.925,3,3,
1052,0.925,3,4,
1053,0.925,3,5,
1054,0.925,3,6,
1055,0.925,3,7,
1056,0.925,4,0,
1057,0.925,4,1,
1058,0.925,4,2,
1059,0.925,4,3,
1060,0.925,4,4,
1061,0.925,4,5,
1062,0.925,4,6,
1063,0.925,4,7,
1064,0.925,5,0,
1065,0.925,5,1,
1066,0.925,5,2,
1067,0.925,5,3,
1068,0.925,5,4,
1069,0.925,5,5,
1070,0.925,5,6,
1071,0.925,5,7,
1072,0.925,6,0,
1073,0.925,6,1,
1074,0.925,6,2,
1075,0.925,6,3,
1076,0.925,6,4,
1077,0.925,6,5,
1078,0.925,6,6,
1079,0.925,6,7,
1080,0.925,7,0,
1081,0.925,7,1,
1082,0.925,7,2,
1083,0.925,7,3,
1084,0.925,7,4,
1085,0.925,7,5,
1086,0.925,7,6,
1087,0.925,7,7,
1088,0.975,0,0,
1089,0.975,0,1,
1090,0.975,0,2,
1091,0.975,0,3,
1092,0.975,0,4,
1093,0.975,0,5,
1094,0.975,0,6,
1095,0.975,0,7,
1096,0.975,1,0,
1097,0.975,1,1,
1098,0.975,1,2,
1099,0.975,1,3,
1100,0.975,1,4,
1101,0.975,1,5,
1102,0.975,1,6,
1103,0.975,1,7,
1104,0.975,2,0,
1105,0.975,2,1,
1106,0.975,2,2,
1107,0.975,2,3,
1108,0.975,2,4,
1109,0.975,2,5,
1110,0.975,2,6,
1111,0.975,2,7,
1112,0.975,3,0,
1113,0.975,3,1,
1114,0.975,3,2,
1115,0.975,3,3,
1116,0.975,3,4,
1117,0.975,3,5,
1118,0.975,3,6,
1119,0.975,3,7,
1120,0.975,4,0,
1121,0.975,4,1,
1122,0.975,4,2,
1123,0.975,4,3,
1124,0.975,4,4,
1125,0.975,4,5,
1126,0.975,4,6,
1127,0.975,4,7,
1128,0.975,5,0,
1129,0.975,5,1,
1130,0.975,5,2,
1131,0.975,5,3,
1132,0.975,5,4,
1133,0.975,5,5,
1134,0.975,5,6,
1135,0.975,5,7,
1136,0.975,6,0,
1137,0.975,6,1,
1138,0.975,6,2,
1139,0.975,6,3,
1140,0.975,6,4,
1141,0.975,6,5,
1142,0.975,6,6,
1143,0.975,6,7,
1144,0.975,7,0,0.0109
1145,0.975,7,1,0.0014
1146,0.975,7,2,0.0441
1147,0.975,7,3,0.0254
1148,0.975,7,4,0.0598
1149,0.975,7,5,0.0058
1150,0.975,7,6,0.0647
1151,0.975,7,7,0.7879
1152,1.025,0,0,
1153,1.025,0,1,
1154,1.025,0,2,
1155,1.025,0,3,
1156,1.025,0,4,
1157,1.025,0,5,
1158,1.025,0,6,
1159,1.025,0,7,
1160,1.025,1,0,
1161,1.025,1,1,
1162,1.025,1,2,
1163,1.025,1,3,
1164,1.025,1,4,
1165,1.025,1,5,
1166,1.025,1,6,
1167,1.025,1,7,
1168,1.025,2,0,
1169,1.025,2,1,
1170,1.025,2,2,
1171,1.025,2,3,
1172,1.025,2,4,
1173,1.025,2,5,
1174,1.025,2,6,
1175,1.025,2,7,
1176,1.025,3,0,
1177,1.025,3,1,
1178,1.025,3,2,
1179,1.025,3,3,
1180,1.025,3,4,
1181,1.025,3,5,
1182,1.025,3,6,
1183,1.025,3,7,
1184,1.025,4,0,
1185,1.025,4,1,
1186,1.025,4,2,
1187,1.025,4,3,
1188,1.025,4,4,
1189,1.025,4,5,
1190,1.025,4,6,
1191,1.025,4,7,
1192,1.025,5,0,
1193,1.025,5,1,
1194,1.025,5,2,
1195,1.025,5,3,
1196,1.025,5,4,
1197,1.025,5,5,
1198,1.025,5,6,
1199,1.025,5,7,
1200,1.025,6,0,
1201,1.025,6,1,
1202,1.025,6,2,
1203,1.025,6,3,
1204,1.025,6,4,
1205,1.025,6,5,
1206,1.025,6,6,
1207,1.025,6,7,
1208,1.025,7,0,
1209,1.025,7,1,
1210,1.025,7,2,
1211,1.025,7,3,
1212,1.025,7,4,
1213,1.025,7,5,
1214,1.025,7,6,
1215,1.025,7,7,
1216,1.0750000000000002,0,0,
1217,1.0750000000000002,0,1,
1218,1.0750000000000002,0,2,
1219,1.0750000000000002,0,3,
1220,1.0750000000000002,0,4,
1221,1.0750000000000002,0,5,
1222,1.0750000000000002,0,6,
1223,1.0750000000000002,0,7,
1224,1.0750000000000002,1,0,
1225,1.0750000000000002,1,1,
1226,1.0750000000000002,1,2,
1227,1.0750000000000002,1,3,
1228,1.0750000000000002,1,4,
1229,1.0750000000000002,1,5,
1230,1.0750000000000002,1,6,
1231,1.0750000000000002,1,7,
1232,1.0750000000000002,2,0,
1233,1.0750000000000002,2,1,
1234,1.0750000000000002,2,2,
1235,1.0750000000000002,2,3,
1236,1.0750000000000002,2,4,
1237,1.0750000000000002,2,5,
1238,1.0750000000000002,2,6,
1239,1.0750000000000002,2,7,
1240,1.0750000000000002,3,0,
1241,1.0750000000000002,3,1,
1242,1.0750000000000002,3,2,
1243,1.0750000000000002,3,3,
1244,1.0750000000000002,3,4,
1245,1.0750000000000002,3,5,
1246,1.0750000000000002,3,6,
1247,1.0750000000000002,3,7,
1248,1.0750000000000002,4,0,
1249,1.0750000000000002,4,1,
1250,1.0750000000000002,4,2,
1251,1.0750000000000002,4,3,
1252,1.0750000000000002,4,4,
1253,1.0750000000000002,4,5,
1254,1.0750000000000002,4,6,
1255,1.0750000000000002,4,7,
1256,1.0750000000000002,5,0,
1257,1.0750000000000002,5,1,
1258,1.0750000000000002,5,2,
1259,1.0750000000000002,5,3,
1260,1.0750000000000002,5,4,
1261,1.0750000000000002,5,5,
1262,1.0750000000000002,5,6,
1263,1.0750000000000002,5,7,
1264,1.0750000000000002,6,0,
1265,1.0750000000000002,6,1,
1266,1.0750000000000002,6,2,
1267,1.0750000000000002,6,3,
1268,1.0750000000000002,6,4,
1269,1.0750000000000002,6,5,
1270,1.0750000000000002,6,6,
1271,1.0750000000000002,6,7,
1272,1.0750000000000002,7,0,
1273,1.0750000000000002,7,1,
1274,1.0750000000000002,7,2,
1275,1.0750000000000002,7,3,
1276,1.0750000000000002,7,4,
1277,1.0750000000000002,7,5,
1278,1.0750000000000002,7,6,
1279,1.0750000000000002,7,7,
1280,1.125,0,0,
1281,1.125,0,1,
1282,1.125,0,2,
1283,1.125,0,3,
1284,1.125,0,4,
1285,1.125,0,5,
1286,1.125,0,6,
1287,1.125,0,7,
1288,1.125,1,0,
1289,1.125,1,1,
1290,1.125,1,2,
1291,1.125,1,3,
1292,1.125,1,4,
1293,1.125,1,5,
1294,1.125,1,6,
1295,1.125,1,7,
1296,1.125,2,0,
1297,1.125,2,1,
1298,1.125,2,2,
1299,1.125,2,3,
1300,1.125,2,4,
1301,1.125,2,5,
1302,1.125,2,6,
1303,1.125,2,7,
1304,1.125,3,0,
1305,1.125,3,1,
1306,1.125,3,2,
1307,1.125,3,3,
1308,1.125,3,4,
1309,1.125,3,5,
1310,1.125,3,6,
1311,1.125,3,7,
1312,1.125,4,0,0.003305785123966942
1313,1.125,4,1,0.0
1314,1.125,4,2,0.006611570247933884
1315,1.125,4,3,0.006611570247933884
1316,1.125,4,4,0.6413223140495867
1317,1.125,4,5,0.001652892561983471
1318,1.125,4,6,0.03966942148760331
1319,1.125,4,7,0.30082644628099175
1320,1.125,5,0,0.001652892561983471
1321,1.125,5,1,0.0
1322,1.125,5,2,0.0
1323,1.125,5,3,0.001652892561983471
1324,1.125,5,4,0.009917355371900827
1325,1.125,5,5,0.9652892561983472
1326,1.125,5,6,0.003305785123966942
1327,1.125,5,7,0.01818181818181818
1328,1.125,6,0,0.006611570247933884
1329,1.125,6,1,0.0
1330,1.125,6,2,0.02975206611570248
1331,1.125,6,3,0.006611570247933884
1332,1.125,6,4,0.03636363636363636
1333,1.125,6,5,0.0
1334,1.125,6,6,0.5074380165289256
1335,1.125,6,7,0.4132231404958678
1336,1.125,7,0,
1337,1.125,7,1,
1338,1.125,7,2,
1339,1.125,7,3,
1340,1.125,7,4,
1341,1.125,7,5,
1342,1.125,7,6,
1343,1.125,7,7,
1344,1.1749999999999998,0,0,
1345,1.1749999999999998,0,1,
1346,1.1749999999999998,0,2,
1347,1.1749999999999998,0,3,
1348,1.1749999999999998,0,4,
1349,1.1749999999999998,0,5,
1350,1.1749999999999998,0,6,
1351,1.1749999999999998,0,7,
1352,1.1749999999999998,1,0,
1353,1.1749999999999998,1,1,
1354,1.1749999999999998,1,2,
1355,1.1749999999999998,1,3,
1356,1.1749999999999998,1,4,
1357,1.1749999999999998,1,5,
1358,1.1749999999999998,1,6,
1359,1.1749999999999998,1,7,
1360,1.1749999999999998,2,0,
1361,1.1749999999999998,2,1,
1362,1.1749999999999998,2,2,
1363,1.1749999999999998,2,3,
1364,1.1749999999999998,2,4,
1365,1.1749999999999998,2,5,
1366,1.1749999999999998,2,6,
1367,1.1749999999999998,2,7,
1368,1.1749999999999998,3,0,
1369,1.1749999999999998,3,1,
1370,1.1749999999999998,3,2,
1371,1.1749999999999998,3,3,
1372,1.1749999999999998,3,4,
1373,1.1749999999999998,3,5,
1374,1.1749999999999998,3,6,
1375,1.1749999999999998,3,7,
1376,1.1749999999999998,4,0,0.003316749585406302
1377,1.1749999999999998,4,1,0.0
1378,1.1749999999999998,4,2,0.006633499170812604
1379,1.1749999999999998,4,3,0.011608623548922056
1380,1.1749999999999998,4,4,0.7694859038142621
1381,1.1749999999999998,4,5,0.013266998341625208
1382,1.1749999999999998,4,6,0.029850746268656716
1383,1.1749999999999998,4,7,0.16583747927031509
1384,1.1749999999999998,5,0,0.0
1385,1.1749999999999998,5,1,0.0
1386,1.1749999999999998,5,2,0.0
1387,1.1749999999999998,5,3,0.001658374792703151
1388,1.1749999999999998,5,4,0.009950248756218905
1389,1.1749999999999998,5,5,0.9701492537313433
1390,1.1749999999999998,5,6,0.006633499170812604
1391,1.1749999999999998,5,7,0.011608623548922056
1392,1.1749999999999998,6,0,0.009950248756218905
1393,1.1749999999999998,6,1,0.0
1394,1.1749999999999998,6,2,0.01658374792703151
1395,1.1749999999999998,6,3,0.001658374792703151
1396,1.1749999999999998,6,4,0.03648424543946932
1397,1.1749999999999998,6,5,0.003316749585406302
1398,1.1749999999999998,6,6,0.6882255389718076
1399,1.1749999999999998,6,7,0.24378109452736318
1400,1.1749999999999998,7,0,
1401,1.1749999999999998,7,1,
1402,1.1749999999999998,7,2,
1403,1.1749999999999998,7,3,
1404,1.1749999999999998,7,4,
1405,1.1749999999999998,7,5,
1406,1.1749999999999998,7,6,
1407,1.1749999999999998,7,7,
1408,1.225,0,0,
1409,1.225,0,1,
1410,1.225,0,2,
1411,1.225,0,3,
1412,1.225,0,4,
1413,1.225,0,5,
1414,1.225,0,6,
1415,1.225,0,7,
1416,1.225,1,0,
1417,1.225,1,1,
1418,1.225,1,2,
1419,1.225,1,3,
1420,1.225,1,4,
1421,1.225,1,5,
1422,1.225,1,6,
1423,1.225,1,7,
1424,1.225,2,0,
1425,1.225,2,1,
1426,1.225,2,2,
1427,1.225,2,3,
1428,1.225,2,4,
1429,1.225,2,5,
1430,1.225,2,6,
1431,1.225,2,7,
1432,1.225,3,0,
1433,1.225,3,1,
1434,1.225,3,2,
1435,1.225,3,3,
1436,1.225,3,4,
1437,1.225,3,5,
1438,1.225,3,6,
1439,1.225,3,7,
1440,1.225,4,0,0.0
1441,1.225,4,1,0.0
1442,1.225,4,2,0.007716049382716049
1443,1.225,4,3,0.009259259259259259
1444,1.225,4,4,0.8271604938271605
1445,1.225,4,5,0.009259259259259259
1446,1.225,4,6,0.027777777777777776
1447,1.225,4,7,0.11882716049382716
1448,1.225,5,0,0.0
1449,1.225,5,1,0.0
1450,1.225,5,2,0.0
1451,1.225,5,3,0.0015432098765432098
1452,1.225,5,4,0.009259259259259259
1453,1.225,5,5,0.9799382716049383
1454,1.225,5,6,0.0015432098765432098
1455,1.225,5,7,0.007716049382716049
1456,1.225,6,0,0.0
1457,1.225,6,1,0.0
1458,1.225,6,2,0.012345679012345678
1459,1.225,6,3,0.0030864197530864196
1460,1.225,6,4,0.010802469135802469
1461,1.225,6,5,0.006172839506172839
1462,1.225,6,6,0.8395061728395061
1463,1.225,6,7,0.12808641975308643
1464,1.225,7,0,
1465,1.225,7,1,
1466,1.225,7,2,
1467,1.225,7,3,
1468,1.225,7,4,
1469,1.225,7,5,
1470,1.225,7,6,
1471,1.225,7,7,
1472,1.275,0,0,
1473,1.275,0,1,
1474,1.275,0,2,
1475,1.275,0,3,
1476,1.275,0,4,
1477,1.275,0,5,
1478,1.275,0,6,
1479,1.275,0,7,
1480,1.275,1,0,
1481,1.275,1,1,
1482,1.275,1,2,
1483,1.275,1,3,
1484,1.275,1,4,
1485,1.275,1,5,
1486,1.275,1,6,
1487,1.275,1,7,
1488,1.275,2,0,
1489,1.275,2,1,
1490,1.275,2,2,
1491,1.275,2,3,
1492,1.275,2,4,
1493,1.275,2,5,
1494,1.275,2,6,
1495,1.275,2,7,
1496,1.275,3,0,
1497,1.275,3,1,
1498,1.275,3,2,
1499,1.275,3,3,
1500,1.275,3,4,
1501,1.275,3,5,
1502,1.275,3,6,
1503,1.275,3,7,
1504,1.275,4,0,0.0015313935681470138
1505,1.275,4,1,0.0015313935681470138
1506,1.275,4,2,0.004594180704441042
1507,1.275,4,3,0.0
1508,1.275,4,4,0.8637059724349158
1509,1.275,4,5,0.021439509954058193
1510,1.275,4,6,0.022970903522205207
1511,1.275,4,7,0.08422664624808576
1512,1.275,5,0,0.0
1513,1.275,5,1,0.0
1514,1.275,5,2,0.0
1515,1.275,5,3,0.0015313935681470138
1516,1.275,5,4,0.015313935681470138
1517,1.275,5,5,0.9709035222052067
1518,1.275,5,6,0.007656967840735069
1519,1.275,5,7,0.004594180704441042
1520,1.275,6,0,0.0
1521,1.275,6,1,0.0
1522,1.275,6,2,0.021439509954058193
1523,1.275,6,3,0.004594180704441042
1524,1.275,6,4,0.016845329249617153
1525,1.275,6,5,0.0030627871362940277
1526,1.275,6,6,0.889739663093415
1527,1.275,6,7,0.06431852986217458
1528,1.275,7,0,
1529,1.275,7,1,
1530,1.275,7,2,
1531,1.275,7,3,
1532,1.275,7,4,
1533,1.275,7,5,
1534,1.275,7,6,
1535,1.275,7,7,
1536,1.3250000000000002,0,0,
1537,1.3250000000000002,0,1,
1538,1.3250000000000002,0,2,
1539,1.3250000000000002,0,3,
1540,1.3250000000000002,0,4,
1541,1.3250000000000002,0,5,
1542,1.3250000000000002,0,6,
1543,1.3250000000000002,0,7,
1544,1.3250000000000002,1,0,
1545,1.3250000000000002,1,1,
1546,1.3250000000000002,1,2,
1547,1.3250000000000002,1,3,
1548,1.3250000000000002,1,4,
1549,1.3250000000000002,1,5,
1550,1.3250000000000002,1,6,
1551,1.3250000000000002,1,7,
1552,1.3250000000000002,2,0,
1553,1.3250000000000002,2,1,
1554,1.3250000000000002,2,2,
1555,1.3250000000000002,2,3,
1556,1.3250000000000002,2,4,
1557,1.3250000000000002,2,5,
1558,1.3250000000000002,2,6,
1559,1.3250000000000002,2,7,
1560,1.3250000000000002,3,0,
1561,1.3250000000000002,3,1,
1562,1.3250000000000002,3,2,
1563,1.3250000000000002,3,3,
1564,1.3250000000000002,3,4,
1565,1.3250000000000002,3,5,
1566,1.3250000000000002,3,6,
1567,1.3250000000000002,3,7,
1568,1.3250000000000002,4,0,0.0
1569,1.3250000000000002,4,1,0.0015360983102918587
1570,1.3250000000000002,4,2,0.0
1571,1.3250000000000002,4,3,0.01228878648233487
1572,1.3250000000000002,4,4,0.9001536098310292
1573,1.3250000000000002,4,5,0.015360983102918587
1574,1.3250000000000002,4,6,0.015360983102918587
1575,1.3250000000000002,4,7,0.055299539170506916
1576,1.3250000000000002,5,0,0.0
1577,1.3250000000000002,5,1,0.0
1578,1.3250000000000002,5,2,0.0
1579,1.3250000000000002,5,3,0.0
1580,1.3250000000000002,5,4,0.018433179723502304
1581,1.3250000000000002,5,5,0.9692780337941628
1582,1.3250000000000002,5,6,0.0030721966205837174
1583,1.3250000000000002,5,7,0.009216589861751152
1584,1.3250000000000002,6,0,0.0015360983102918587
1585,1.3250000000000002,6,1,0.0015360983102918587
1586,1.3250000000000002,6,2,0.007680491551459293
1587,1.3250000000000002,6,3,0.0030721966205837174
1588,1.3250000000000002,6,4,0.004608294930875576
1589,1.3250000000000002,6,5,0.0
1590,1.3250000000000002,6,6,0.9231950844854071
1591,1.3250000000000002,6,7,0.05837173579109063
1592,1.3250000000000002,7,0,
1593,1.3250000000000002,7,1,
1594,1.3250000000000002,7,2,
1595,1.3250000000000002,7,3,
1596,1.3250000000000002,7,4,
1597,1.3250000000000002,7,5,
1598,1.3250000000000002,7,6,
1599,1.3250000000000002,7,7,
1600,1.375,0,0,
1601,1.375,0,1,
1602,1.375,0,2,
1603,1.375,0,3,
1604,1.375,0,4,
1605,1.375,0,5,
1606,1.375,0,6,
1607,1.375,0,7,
1608,1.375,1,0,
1609,1.375,1,1,
1610,1.375,1,2,
1611,1.375,1,3,
1612,1.375,1,4,
1613,1.375,1,5,
1614,1.375,1,6,
1615,1.375,1,7,
1616,1.375,2,0,
1617,1.375,2,1,
1618,1.375,2,2,
1619,1.375,2,3,
1620,1.375,2,4,
1621,1.375,2,5,
1622,1.375,2,6,
1623,1.375,2,7,
1624,1.375,3,0,
1625,1.375,3,1,
1626,1.375,3,2,
1627,1.375,3,3,
1628,1.375,3,4,
1629,1.375,3,5,
1630,1.375,3,6,
1631,1.375,3,7,
1632,1.375,4,0,0.0
1633,1.375,4,1,0.0
1634,1.375,4,2,0.0
1635,1.375,4,3,0.006042296072507553
1636,1.375,4,4,0.9169184290030211
1637,1.375,4,5,0.01661631419939577
1638,1.375,4,6,0.015105740181268883
1639,1.375,4,7,0.045317220543806644
1640,1.375,5,0,0.0
1641,1.375,5,1,0.0
1642,1.375,5,2,0.0015105740181268882
1643,1.375,5,3,0.0015105740181268882
1644,1.375,5,4,0.010574018126888218
1645,1.375,5,5,0.9788519637462235
1646,1.375,5,6,0.0015105740181268882
1647,1.375,5,7,0.006042296072507553
1648,1.375,6,0,0.0
1649,1.375,6,1,0.0
1650,1.375,6,2,0.0075528700906344415
1651,1.375,6,3,0.0030211480362537764
1652,1.375,6,4,0.0075528700906344415
1653,1.375,6,5,0.004531722054380665
1654,1.375,6,6,0.9546827794561934
1655,1.375,6,7,0.022658610271903322
1656,1.375,7,0,
1657,1.375,7,1,
1658,1.375,7,2,
1659,1.375,7,3,
1660,1.375,7,4,
1661,1.375,7,5,
1662,1.375,7,6,
1663,1.375,7,7,
1664,1.4249999999999998,0,0,
1665,1.4249999999999998,0,1,
1666,1.4249999999999998,0,2,
1667,1.4249999999999998,0,3,
1668,1.4249999999999998,0,4,
1669,1.4249999999999998,0,5,
1670,1.4249999999999998,0,6,
1671,1.4249999999999998,0,7,
1672,1.4249999999999998,1,0,
1673,1.4249999999999998,1,1,
1674,1.4249999999999998,1,2,
1675,1.4249999999999998,1,3,
1676,1.4249999999999998,1,4,
1677,1.4249999999999998,1,5,
1678,1.4249999999999998,1,6,
1679,1.4249999999999998,1,7,
1680,1.4249999999999998,2,0,
1681,1.4249999999999998,2,1,
1682,1.4249999999999998,2,2,
1683,1.4249999999999998,2,3,
1684,1.4249999999999998,2,4,
1685,1.4249999999999998,2,5,
1686,1.4249999999999998,2,6,
1687,1.4249999999999998,2,7,
1688,1.4249999999999998,3,0,
1689,1.4249999999999998,3,1,
1690,1.4249999999999998,3,2,
1691,1.4249999999999998,3,3,
1692,1.4249999999999998,3,4,
1693,1.4249999999999998,3,5,
1694,1.4249999999999998,3,6,
1695,1.4249999999999998,3,7,
1696,1.4249999999999998,4,0,0.0016501650165016502
1697,1.4249999999999998,4,1,0.0
1698,1.4249999999999998,4,2,0.0
1699,1.4249999999999998,4,3,0.0049504950495049506
1700,1.4249999999999998,4,4,0.9537953795379538
1701,1.4249999999999998,4,5,0.018151815181518153
1702,1.4249999999999998,4,6,0.009900990099009901
1703,1.4249999999999998,4,7,0.01155115511551155
1704,1.4249999999999998,5,0,0.0
1705,1.4249999999999998,5,1,0.0
1706,1.4249999999999998,5,2,0.0016501650165016502
1707,1.4249999999999998,5,3,0.0
1708,1.4249999999999998,5,4,0.013201320132013201
1709,1.4249999999999998,5,5,0.976897689768977
1710,1.4249999999999998,5,6,0.0049504950495049506
1711,1.4249999999999998,5,7,0.0033003300330033004
1712,1.4249999999999998,6,0,0.0016501650165016502
1713,1.4249999999999998,6,1,0.0016501650165016502
1714,1.4249999999999998,6,2,0.0049504950495049506
1715,1.4249999999999998,6,3,0.0016501650165016502
1716,1.4249999999999998,6,4,0.006600660066006601
1717,1.4249999999999998,6,5,0.0016501650165016502
1718,1.4249999999999998,6,6,0.9620462046204621
1719,1.4249999999999998,6,7,0.019801980198019802
1720,1.4249999999999998,7,0,
1721,1.4249999999999998,7,1,
1722,1.4249999999999998,7,2,
1723,1.4249999999999998,7,3,
1724,1.4249999999999998,7,4,
1725,1.4249999999999998,7,5,
1726,1.4249999999999998,7,6,
1727,1.4249999999999998,7,7,
1728,1.475,0,0,
1729,1.475,0,1,
1730,1.475,0,2,
1731,1.475,0,3,
1732,1.475,0,4,
1733,1.475,0,5,
1734,1.475,0,6,
1735,1.475,0,7,
1736,1.475,1,0,
1737,1.475,1,1,
1738,1.475,1,2,
1739,1.475,1,3,
1740,1.475,1,4,
1741,1.475,1,5,
1742,1.475,1,6,
1743,1.475,1,7,
1744,1.475,2,0,
1745,1.475,2,1,
1746,1.475,2,2,
1747,1.475,2,3,
1748,1.475,2,4,
1749,1.475,2,5,
1750,1.475,2,6,
1751,1.475,2,7,
1752,1.475,3,0,
1753,1.475,3,1,
1754,1.475,3,2,
1755,1.475,3,3,
1756,1.475,3,4,
1757,1.475,3,5,
1758,1.475,3,6,
1759,1.475,3,7,
1760,1.475,4,0,0.0032520325203252032
1761,1.475,4,1,0.0
1762,1.475,4,2,0.0016260162601626016
1763,1.475,4,3,0.0032520325203252032
1764,1.475,4,4,0.9642276422764228
1765,1.475,4,5,0.016260162601626018
1766,1.475,4,6,0.0032520325203252032
1767,1.475,4,7,0.008130081300813009
1768,1.475,5,0,0.0
1769,1.475,5,1,0.0
1770,1.475,5,2,0.0
1771,1.475,5,3,0.0016260162601626016
1772,1.475,5,4,0.004878048780487805
1773,1.475,5,5,0.9853658536585366
1774,1.475,5,6,0.004878048780487805
1775,1.475,5,7,0.0032520325203252032
1776,1.475,6,0,0.0032520325203252032
1777,1.475,6,1,0.0
1778,1.475,6,2,0.0065040650406504065
1779,1.475,6,3,0.0
1780,1.475,6,4,0.0032520325203252032
1781,1.475,6,5,0.0016260162601626016
1782,1.475,6,6,0.9691056910569106
1783,1.475,6,7,0.016260162601626018
1784,1.475,7,0,
1785,1.475,7,1,
1786,1.475,7,2,
1787,1.475,7,3,
1788,1.475,7,4,
1789,1.475,7,5,
1790,1.475,7,6,
1791,1.475,7,7,
1792,1.525,0,0,
1793,1.525,0,1,
1794,1.525,0,2,
1795,1.525,0,3,
1796,1.525,0,4,
1797,1.525,0,5,
1798,1.525,0,6,
1799,1.525,0,7,
1800,1.525,1,0,
1801,1.525,1,1,
1802,1.525,1,2,
1803,1.525,1,3,
1804,1.525,1,4,
1805,1.525,1,5,
1806,1.525,1,6,
1807,1.525,1,7,
1808,1.525,2,0,
1809,1.525,2,1,
1810,1.525,2,2,
1811,1.525,2,3,
1812,1.525,2,4,
1813,1.525,2,5,
1814,1.525,2,6,
1815,1.525,2,7,
1816,1.525,3,0,
1817,1.525,3,1,
1818,1.525,3,2,
1819,1.525,3,3,
1820,1.525,3,4,
1821,1.525,3,5,
1822,1.525,3,6,
1823,1.525,3,7,
1824,1.525,4,0,0.0
1825,1.525,4,1,0.0
1826,1.525,4,2,0.0
1827,1.525,4,3,0.0
1828,1.525,4,4,0.9710391822827938
1829,1.525,4,5,0.015332197614991482
1830,1.525,4,6,0.0034071550255536627
1831,1.525,4,7,0.010221465076660987
1832,1.525,5,0,0.0
1833,1.525,5,1,0.0
1834,1.525,5,2,0.0
1835,1.525,5,3,0.0017035775127768314
1836,1.525,5,4,0.0068143100511073255
1837,1.525,5,5,0.9863713798977853
1838,1.525,5,6,0.005110732538330494
1839,1.525,5,7,0.0
1840,1.525,6,0,0.0
1841,1.525,6,1,0.0
1842,1.525,6,2,0.0
1843,1.525,6,3,0.0
1844,1.525,6,4,0.0
1845,1.525,6,5,0.0017035775127768314
1846,1.525,6,6,0.989778534923339
1847,1.525,6,7,0.008517887563884156
1848,1.525,7,0,
1849,1.525,7,1,
1850,1.525,7,2,
1851,1.525,7,3,
1852,1.525,7,4,
1853,1.525,7,5,
1854,1.525,7,6,
1855,1.525,7,7,
1856,1.5750000000000002,0,0,
1857,1.5750000000000002,0,1,
1858,1.5750000000000002,0,2,
1859,1.5750000000000002,0,3,
1860,1.5750000000000002,0,4,
1861,1.5750000000000002,0,5,
1862,1.5750000000000002,0,6,
1863,1.5750000000000002,0,7,
1864,1.5750000000000002,1,0,
1865,1.5750000000000002,1,1,
1866,1.5750000000000002,1,2,
1867,1.5750000000000002,1,3,
1868,1.5750000000000002,1,4,
1869,1.5750000000000002,1,5,
1870,1.5750000000000002,1,6,
1871,1.5750000000000002,1,7,
1872,1.5750000000000002,2,0,
1873,1.5750000000000002,2,1,
1874,1.5750000000000002,2,2,
1875,1.5750000000000002,2,3,
1876,1.5750000000000002,2,4,
1877,1.5750000000000002,2,5,
1878,1.5750000000000002,2,6,
1879,1.5750000000000002,2,7,
1880,1.5750000000000002,3,0,
1881,1.5750000000000002,3,1,
1882,1.5750000000000002,3,2,
1883,1.5750000000000002,3,3,
1884,1.5750000000000002,3,4,
1885,1.5750000000000002,3,5,
1886,1.5750000000000002,3,6,
1887,1.5750000000000002,3,7,
1888,1.5750000000000002,4,0,0.0
1889,1.5750000000000002,4,1,0.0
1890,1.5750000000000002,4,2,0.0
1891,1.5750000000000002,4,3,0.0
1892,1.5750000000000002,4,4,0.9767080745341615
1893,1.5750000000000002,4,5,0.012422360248447204
1894,1.5750000000000002,4,6,0.003105590062111801
1895,1.5750000000000002,4,7,0.007763975155279503
1896,1.5750000000000002,5,0,0.0
1897,1.5750000000000002,5,1,0.0
1898,1.5750000000000002,5,2,0.0
1899,1.5750000000000002,5,3,0.0
1900,1.5750000000000002,5,4,0.003105590062111801
1901,1.5750000000000002,5,5,0.9891304347826086
1902,1.5750000000000002,5,6,0.003105590062111801
1903,1.5750000000000002,5,7,0.004658385093167702
1904,1.5750000000000002,6,0,0.0
1905,1.5750000000000002,6,1,0.0
1906,1.5750000000000002,6,2,0.0015527950310559005
1907,1.5750000000000002,6,3,0.0
1908,1.5750000000000002,6,4,0.0015527950310559005
1909,1.5750000000000002,6,5,0.006211180124223602
1910,1.5750000000000002,6,6,0.9891304347826086
1911,1.5750000000000002,6,7,0.0015527950310559005
1912,1.5750000000000002,7,0,
1913,1.5750000000000002,7,1,
1914,1.5750000000000002,7,2,
1915,1.5750000000000002,7,3,
1916,1.5750000000000002,7,4,
1917,1.5750000000000002,7,5,
1918,1.5750000000000002,7,6,
1919,1.5750000000000002,7,7,
1920,1.625,0,0,
1921,1.625,0,1,
1922,1.625,0,2,
1923,1.625,0,3,
1924,1.625,0,4,
1925,1.625,0,5,
1926,1.625,0,6,
1927,1.625,0,7,
1928,1.625,1,0,
1929,1.625,1,1,
1930,1.625,1,2,
1931,1.625,1,3,
1932,1.625,1,4,
1933,1.625,1,5,
1934,1.625,1,6,
1935,1.625,1,7,
1936,1.625,2,0,
1937,1.625,2,1,
1938,1.625,2,2,
1939,1.625,2,3,
1940,1.625,2,4,
1941,1.625,2,5,
1942,1.625,2,6,
1943,1.625,2,7,
1944,1.625,3,0,
1945,1.625,3,1,
1946,1.625,3,2,
1947,1.625,3,3,
1948,1.625,3,4,
1949,1.625,3,5,
1950,1.625,3,6,
1951,1.625,3,7,
1952,1.625,4,0,0.0016891891891891893
1953,1.625,4,1,0.0016891891891891893
1954,1.625,4,2,0.0
1955,1.625,4,3,0.0016891891891891893
1956,1.625,4,4,0.9746621621621622
1957,1.625,4,5,0.016891891891891893
1958,1.625,4,6,0.0033783783783783786
1959,1.625,4,7,0.0
1960,1.625,5,0,0.0
1961,1.625,5,1,0.0
1962,1.625,5,2,0.0
1963,1.625,5,3,0.0016891891891891893
1964,1.625,5,4,0.0016891891891891893
1965,1.625,5,5,0.9949324324324325
1966,1.625,5,6,0.0016891891891891893
1967,1.625,5,7,0.0
1968,1.625,6,0,0.0016891891891891893
1969,1.625,6,1,0.0016891891891891893
1970,1.625,6,2,0.008445945945945946
1971,1.625,6,3,0.0
1972,1.625,6,4,0.0016891891891891893
1973,1.625,6,5,0.0
1974,1.625,6,6,0.9763513513513513
1975,1.625,6,7,0.010135135135135136
1976,1.625,7,0,
1977,1.625,7,1,
1978,1.625,7,2,
1979,1.625,7,3,
1980,1.625,7,4,
1981,1.625,7,5,
1982,1.625,7,6,
1983,1.625,7,7,
1984,1.6749999999999998,0,0,
1985,1.6749999999999998,0,1,
1986,1.6749999999999998,0,2,
1987,1.6749999999999998,0,3,
1988,1.6749999999999998,0,4,
1989,1.6749999999999998,0,5,
1990,1.6749999999999998,0,6,
1991,1.6749999999999998,0,7,
1992,1.6749999999999998,1,0,
1993,1.6749999999999998,1,1,
1994,1.6749999999999998,1,2,
1995,1.6749999999999998,1,3,
1996,1.6749999999999998,1,4,
1997,1.6749999999999998,1,5,
1998,1.6749999999999998,1,6,
1999,1.6749999999999998,1,7,
2000,1.6749999999999998,2,0,
2001,1.6749999999999998,2,1,
2002,1.6749999999999998,2,2,
2003,1.6749999999999998,2,3,
2004,1.6749999999999998,2,4,
2005,1.6749999999999998,2,5,
2006,1.6749999999999998,2,6,
2007,1.6749999999999998,2,7,
2008,1.6749999999999998,3,0,
2009,1.6749999999999998,3,1,
2010,1.6749999999999998,3,2,
2011,1.6749999999999998,3,3,
2012,1.6749999999999998,3,4,
2013,1.6749999999999998,3,5,
2014,1.6749999999999998,3,6,
2015,1.6749999999999998,3,7,
2016,1.6749999999999998,4,0,0.0
2017,1.6749999999999998,4,1,0.0
2018,1.6749999999999998,4,2,0.0
2019,1.6749999999999998,4,3,0.0015384615384615385
2020,1.6749999999999998,4,4,0.9692307692307692
2021,1.6749999999999998,4,5,0.021538461538461538
2022,1.6749999999999998,4,6,0.006153846153846154
2023,1.6749999999999998,4,7,0.0015384615384615385
2024,1.6749999999999998,5,0,0.0
2025,1.6749999999999998,5,1,0.0
2026,1.6749999999999998,5,2,0.0
2027,1.6749999999999998,5,3,0.0015384615384615385
2028,1.6749999999999998,5,4,0.003076923076923077
2029,1.6749999999999998,5,5,0.9892307692307692
2030,1.6749999999999998,5,6,0.0015384615384615385
2031,1.6749999999999998,5,7,0.004615384615384616
2032,1.6749999999999998,6,0,0.0015384615384615385
2033,1.6749999999999998,6,1,0.003076923076923077
2034,1.6749999999999998,6,2,0.009230769230769232
2035,1.6749999999999998,6,3,0.0
2036,1.6749999999999998,6,4,0.004615384615384616
2037,1.6749999999999998,6,5,0.003076923076923077
2038,1.6749999999999998,6,6,0.9738461538461538
2039,1.6749999999999998,6,7,0.004615384615384616
2040,1.6749999999999998,7,0,
2041,1.6749999999999998,7,1,
2042,1.6749999999999998,7,2,
2043,1.6749999999999998,7,3,
2044,1.6749999999999998,7,4,
2045,1.6749999999999998,7,5,
2046,1.6749999999999998,7,6,
2047,1.6749999999999998,7,7,
2048,1.725,0,0,
2049,1.725,0,1,
2050,1.725,0,2,
2051,1.725,0,3,
2052,1.725,0,4,
2053,1.725,0,5,
2054,1.725,0,6,
2055,1.725,0,7,
2056,1.725,1,0,
2057,1.725,1,1,
2058,1.725,1,2,
2059,1.725,1,3,
2060,1.725,1,4,
2061,1.725,1,5,
2062,1.725,1,6,
2063,1.725,1,7,
2064,1.725,2,0,
2065,1.725,2,1,
2066,1.725,2,2,
2067,1.725,2,3,
2068,1.725,2,4,
2069,1.725,2,5,
2070,1.725,2,6,
2071,1.725,2,7,
2072,1.725,3,0,
2073,1.725,3,1,
2074,1.725,3,2,
2075,1.725,3,3,
2076,1.725,3,4,
2077,1.725,3,5,
2078,1.725,3,6,
2079,1.725,3,7,
2080,1.725,4,0,0.0
2081,1.725,4,1,0.0
2082,1.725,4,2,0.0
2083,1.725,4,3,0.001639344262295082
2084,1.725,4,4,0.9819672131147541
2085,1.725,4,5,0.013114754098360656
2086,1.725,4,6,0.001639344262295082
2087,1.725,4,7,0.001639344262295082
2088,1.725,5,0,0.0
2089,1.725,5,1,0.0
2090,1.725,5,2,0.0
2091,1.725,5,3,0.0
2092,1.725,5,4,0.001639344262295082
2093,1.725,5,5,0.9918032786885246
2094,1.725,5,6,0.003278688524590164
2095,1.725,5,7,0.003278688524590164
2096,1.725,6,0,0.0
2097,1.725,6,1,0.0
2098,1.725,6,2,0.001639344262295082
2099,1.725,6,3,0.0
2100,1.725,6,4,0.004918032786885246
2101,1.725,6,5,0.001639344262295082
2102,1.725,6,6,0.9852459016393442
2103,1.725,6,7,0.006557377049180328
2104,1.725,7,0,
2105,1.725,7,1,
2106,1.725,7,2,
2107,1.725,7,3,
2108,1.725,7,4,
2109,1.725,7,5,
2110,1.725,7,6,
2111,1.725,7,7,
2112,1.775,0,0,
2113,1.775,0,1,
2114,1.775,0,2,
2115,1.775,0,3,
2116,1.775,0,4,
2117,1.775,0,5,
2118,1.775,0,6,
2119,1.775,0,7,
2120,1.775,1,0,
2121,1.775,1,1,
2122,1.775,1,2,
2123,1.775,1,3,
2124,1.775,1,4,
2125,1.775,1,5,
2126,1.775,1,6,
2127,1.775,1,7,
2128,1.775,2,0,
2129,1.775,2,1,
2130,1.775,2,2,
2131,1.775,2,3,
2132,1.775,2,4,
2133,1.775,2,5,
2134,1.775,2,6,
2135,1.775,2,7,
2136,1.775,3,0,
2137,1.775,3,1,
2138,1.775,3,2,
2139,1.775,3,3,
2140,1.775,3,4,
2141,1.775,3,5,
2142,1.775,3,6,
2143,1.775,3,7,
2144,1.775,4,0,0.0
2145,1.775,4,1,0.0
2146,1.775,4,2,0.0
2147,1.775,4,3,0.0
2148,1.775,4,4,0.9731543624161074
2149,1.775,4,5,0.020134228187919462
2150,1.775,4,6,0.0016778523489932886
2151,1.775,4,7,0.0050335570469798654
2152,1.775,5,0,0.0
2153,1.775,5,1,0.0
2154,1.775,5,2,0.0
2155,1.775,5,3,0.0
2156,1.775,5,4,0.008389261744966443
2157,1.775,5,5,0.9916107382550335
2158,1.775,5,6,0.0
2159,1.775,5,7,0.0
2160,1.775,6,0,0.0
2161,1.775,6,1,0.0
2162,1.775,6,2,0.003355704697986577
2163,1.775,6,3,0.0
2164,1.775,6,4,0.0050335570469798654
2165,1.775,6,5,0.0016778523489932886
2166,1.775,6,6,0.988255033557047
2167,1.775,6,7,0.0016778523489932886
2168,1.775,7,0,
2169,1.775,7,1,
2170,1.775,7,2,
2171,1.775,7,3,
2172,1.775,7,4,
2173,1.775,7,5,
2174,1.775,7,6,
2175,1.775,7,7,
2176,1.8250000000000002,0,0,
2177,1.8250000000000002,0,1,
2178,1.8250000000000002,0,2,
2179,1.8250000000000002,0,3,
2180,1.8250000000000002,0,4,
2181,1.8250000000000002,0,5,
2182,1.8250000000000002,0,6,
2183,1.8250000000000002,0,7,
2184,1.8250000000000002,1,0,
2185,1.8250000000000002,1,1,
2186,1.8250000000000002,1,2,
2187,1.8250000000000002,1,3,
2188,1.8250000000000002,1,4,
2189,1.8250000000000002,1,5,
2190,1.8250000000000002,1,6,
2191,1.8250000000000002,1,7,
2192,1.8250000000000002,2,0,
2193,1.8250000000000002,2,1,
2194,1.8250000000000002,2,2,
2195,1.8250000000000002,2,3,
2196,1.8250000000000002,2,4,
2197,1.8250000000000002,2,5,
2198,1.8250000000000002,2,6,
2199,1.8250000000000002,2,7,
2200,1.8250000000000002,3,0,
2201,1.8250000000000002,3,1,
2202,1.8250000000000002,3,2,
2203,1.8250000000000002,3,3,
2204,1.8250000000000002,3,4,
2205,1.8250000000000002,3,5,
2206,1.8250000000000002,3,6,
2207,1.8250000000000002,3,7,
2208,1.8250000000000002,4,0,0.0
2209,1.8250000000000002,4,1,0.0
2210,1.8250000000000002,4,2,0.0
2211,1.8250000000000002,4,3,0.001557632398753894
2212,1.8250000000000002,4,4,0.9828660436137072
2213,1.8250000000000002,4,5,0.012461059190031152
2214,1.8250000000000002,4,6,0.003115264797507788
2215,1.8250000000000002,4,7,0.0
2216,1.8250000000000002,5,0,0.0
2217,1.8250000000000002,5,1,0.0
2218,1.8250000000000002,5,2,0.0
2219,1.8250000000000002,5,3,0.0
2220,1.8250000000000002,5,4,0.003115264797507788
2221,1.8250000000000002,5,5,0.9953271028037384
2222,1.8250000000000002,5,6,0.001557632398753894
2223,1.8250000000000002,5,7,0.0
2224,1.8250000000000002,6,0,0.0
2225,1.8250000000000002,6,1,0.001557632398753894
2226,1.8250000000000002,6,2,0.00778816199376947
2227,1.8250000000000002,6,3,0.0
2228,1.8250000000000002,6,4,0.001557632398753894
2229,1.8250000000000002,6,5,0.001557632398753894
2230,1.8250000000000002,6,6,0.985981308411215
2231,1.8250000000000002,6,7,0.001557632398753894
2232,1.8250000000000002,7,0,
2233,1.8250000000000002,7,1,
2234,1.8250000000000002,7,2,
2235,1.8250000000000002,7,3,
2236,1.8250000000000002,7,4,
2237,1.8250000000000002,7,5,
2238,1.8250000000000002,7,6,
2239,1.8250000000000002,7,7,
2240,1.875,0,0,
2241,1.875,0,1,
2242,1.875,0,2,
2243,1.875,0,3,
2244,1.875,0,4,
2245,1.875,0,5,
2246,1.875,0,6,
2247,1.875,0,7,
2248,1.875,1,0,
2249,1.875,1,1,
2250,1.875,1,2,
2251,1.875,1,3,
2252,1.875,1,4,
2253,1.875,1,5,
2254,1.875,1,6,
2255,1.875,1,7,
2256,1.875,2,0,
2257,1.875,2,1,
2258,1.875,2,2,
2259,1.875,2,3,
2260,1.875,2,4,
2261,1.875,2,5,
2262,1.875,2,6,
2263,1.875,2,7,
2264,1.875,3,0,
2265,1.875,3,1,
2266,1.875,3,2,
2267,1.875,3,3,
2268,1.875,3,4,
2269,1.875,3,5,
2270,1.875,3,6,
2271,1.875,3,7,
2272,1.875,4,0,0.0
2273,1.875,4,1,0.0
2274,1.875,4,2,0.0
2275,1.875,4,3,0.0
2276,1.875,4,4,0.9921383647798742
2277,1.875,4,5,0.007861635220125786
2278,1.875,4,6,0.0
2279,1.875,4,7,0.0
2280,1.875,5,0,0.0
2281,1.875,5,1,0.0
2282,1.875,5,2,0.0
2283,1.875,5,3,0.0015723270440251573
2284,1.875,5,4,0.0031446540880503146
2285,1.875,5,5,0.9921383647798742
2286,1.875,5,6,0.0031446540880503146
2287,1.875,5,7,0.0
2288,1.875,6,0,0.0015723270440251573
2289,1.875,6,1,0.0015723270440251573
2290,1.875,6,2,0.0031446540880503146
2291,1.875,6,3,0.0
2292,1.875,6,4,0.0015723270440251573
2293,1.875,6,5,0.0
2294,1.875,6,6,0.9889937106918238
2295,1.875,6,7,0.0031446540880503146
2296,1.875,7,0,
2297,1.875,7,1,
2298,1.875,7,2,
2299,1.875,7,3,
2300,1.875,7,4,
2301,1.875,7,5,
2302,1.875,7,6,
2303,1.875,7,7,
2304,1.9249999999999998,0,0,
2305,1.9249999999999998,0,1,
2306,1.9249999999999998,0,2,
2307,1.9249999999999998,0,3,
2308,1.9249999999999998,0,4,
2309,1.9249999999999998,0,5,
2310,1.9249999999999998,0,6,
2311,1.9249999999999998,0,7,
2312,1.9249999999999998,1,0,
2313,1.9249999999999998,1,1,
2314,1.9249999999999998,1,2,
2315,1.9249999999999998,1,3,
2316,1.9249999999999998,1,4,
2317,1.9249999999999998,1,5,
2318,1.9249999999999998,1,6,
2319,1.9249999999999998,1,7,
2320,1.9249999999999998,2,0,
2321,1.9249999999999998,2,1,
2322,1.9249999999999998,2,2,
2323,1.9249999999999998,2,3,
2324,1.9249999999999998,2,4,
2325,1.9249999999999998,2,5,
2326,1.9249999999999998,2,6,
2327,1.9249999999999998,2,7,
2328,1.9249999999999998,3,0,
2329,1.9249999999999998,3,1,
2330,1.9249999999999998,3,2,
2331,1.9249999999999998,3,3,
2332,1.9249999999999998,3,4,
2333,1.9249999999999998,3,5,
2334,1.9249999999999998,3,6,
2335,1.9249999999999998,3,7,
2336,1.9249999999999998,4,0,
2337,1.9249999999999998,4,1,
2338,1.9249999999999998,4,2,
2339,1.9249999999999998,4,3,
2340,1.9249999999999998,4,4,
2341,1.9249999999999998,4,5,
2342,1.9249999999999998,4,6,
2343,1.9249999999999998,4,7,
2344,1.9249999999999998,5,0,
2345,1.9249999999999998,5,1,
2346,1.9249999999999998,5,2,
2347,1.9249999999999998,5,3,
2348,1.9249999999999998,5,4,
2349,1.9249999999999998,5,5,
2350,1.9249999999999998,5,6,
2351,1.9249999999999998,5,7,
2352,1.9249999999999998,6,0,
2353,1.9249999999999998,6,1,
2354,1.9249999999999998,6,2,
2355,1.9249999999999998,6,3,
2356,1.9249999999999998,6,4,
2357,1.9249999999999998,6,5,
2358,1.9249999999999998,6,6,
2359,1.9249999999999998,6,7,
2360,1.9249999999999998,7,0,
2361,1.9249999999999998,7,1,
2362,1.9249999999999998,7,2,
2363,1.9249999999999998,7,3,
2364,1.9249999999999998,7,4,
2365,1.9249999999999998,7,5,
2366,1.9249999999999998,7,6,
2367,1.9249999999999998,7,7,
2368,1.975,0,0,
2369,1.975,0,1,
2370,1.975,0,2,
2371,1.975,0,3,
2372,1.975,0,4,
2373,1.975,0,5,
2374,1.975,0,6,
2375,1.975,0,7,
2376,1.975,1,0,
2377,1.975,1,1,
2378,1.975,1,2,
2379,1.975,1,3,
2380,1.975,1,4,
2381,1.975,1,5,
2382,1.975,1,6,
2383,1.975,1,7,
2384,1.975,2,0,
2385,1.975,2,1,
2386,1.975,2,2,
2387,1.975,2,3,
2388,1.975,2,4,
2389,1.975,2,5,
2390,1.975,2,6,
2391,1.975,2,7,
2392,1.975,3,0,
2393,1.975,3,1,
2394,1.975,3,2,
2395,1.975,3,3,
2396,1.975,3,4,
2397,1.975,3,5,
2398,1.975,3,6,
2399,1.975,3,7,
2400,1.975,4,0,
2401,1.975,4,1,
2402,1.975,4,2,
2403,1.975,4,3,
2404,1.975,4,4,
2405,1.975,4,5,
2406,1.975,4,6,
2407,1.975,4,7,
2408,1.975,5,0,
2409,1.975,5,1,
2410,1.975,5,2,
2411,1.975,5,3,
2412,1.975,5,4,
2413,1.975,5,5,
2414,1.975,5,6,
2415,1.975,5,7,
2416,1.975,6,0,
2417,1.975,6,1,
2418,1.975,6,2,
2419,1.975,6,3,
2420,1.975,6,4,
2421,1.975,6,5,
2422,1.975,6,6,
2423,1.975,6,7,
2424,1.975,7,0,
2425,1.975,7,1,
2426,1.975,7,2,
2427,1.975,7,3,
2428,1.975,7,4,
2429,1.975,7,5,
2430,1.975,7,6,
2431,1.975,7,7,
